Title, Company, Rating, Location, Summary, Job Link, KeyWord Similarity, Sentence Similarity, Overall Similarity, Recommended Words
Software Engineering Internship - NYC,Two Sigma Investments LLC.,3.8,New York NY,Technology drives our business — it's our main advantage — and software engineers play a pivotal role.Software engineers at Two Sigma focus on analysis…,https://www.indeed.com/viewjob?jk=a27cfffaf4c528c4&fccid=facc18fe475dac15&vjs=3,83.65,46.01,129.66,sigma team build engineers tools infrastructure systems company rigorous help
2021 AI Research Summer Associate Program,JPMorgan Chase Bank N.A.,3.9,New York NY,Practical software engineering experience in collaborative project settings.Comfort with rapid prototyping and disciplined software development processes.,https://www.indeed.com/viewjob?jk=bb61b888029d1438&fccid=aaf3b433897ea465&vjs=3,63.72,54.22,117.94,research related impact chase opportunity morgan team areas problems services within offers applications
Software Engineer Intern,Balyasny,4,New York NY,Participate in all parts of software development lifecycle – you will take part of the design implementation and rollout of production systems.,https://www.indeed.com/viewjob?jk=8ff009504101ef2f&fccid=3187d6d05b329ebf&vjs=3,72.66,43.52,116.18,firm team motivated teams knowledge asset management 2001 institutional dedicated delivering consistent
2021 Software Engineer Program - Summer Internship Opportuni...,JPMorgan Chase Bank N.A.,3.9,New York NY,Computer Science and/or Engineering majors are preferred while other majors may be considered.Pursuing a B.A. B.S. or 5th year M.A. or M.S. with expected…,https://www.indeed.com/viewjob?jk=183ed0f76d224516&fccid=aaf3b433897ea465&vjs=3,62.23,49.85,112.08,technology application chase opportunity complete solutions team global build clients jpmorgan people innovative
WordPress Developer & Admin for EdTech Startup Intern,Smart Course,-,New York NY,All previous startup staff were volunteers or interns first.In his 4 previous startups all staff members were cultivated and recruited from volunteer/ intern…,https://www.indeed.com/viewjob?cmp=SmartCourse&t=Wordpress-Developer-Admin-Edtech-Startup-Intern&jk=7b257973636e3a7c,55.36,52.84,108.2,customer special education technology kids startup research development want needs caregivers marketing management edtech
INTERNSHIP - Rapid Application Developer,Société Générale,3.9,New York NY,Within this group the LAB team is offering tactical and strategic solutions to market risk analysts (Python SQL JavaScript and VBA) to simplify automate…,https://www.indeed.com/viewjob?jk=9deb1a95ed2202a0&fccid=df6948c9b8da6236&vjs=3,62.33,45.68,108.01,risk team income develop tactical analysts fixed group strategic solutions market digital transformation
2021 Software Engineer Summer Intern,Yext,3.8,New York NY 10010 (Flatiron District area),Participate in full life-cycle software development.We're looking for Software Engineers to join the Yext Engineering team and drive the technology behind our…,https://www.indeed.com/viewjob?jk=2e381d277d9069cc&fccid=10492c8f2d7b4e4a&vjs=3,61.34,44.94,106.28,search answers team please official business questions company websites across like engineers features
Summer 2021 MBA Internship - Product Management,ADP,3.8,Roseland NJ 07068,Preferable experience of working in a technology company with software development experience.3+ years of experience in a market-facing software and enterprise…,https://www.indeed.com/viewjob?jk=ca3c4597feb8db82&fccid=e996c2d6855fe778&vjs=3,57.16,48.02,105.18,product development market business people working technology fast help global creating great companies design
Remote WordPress Internship,TWG Companies,-,Jersey City NJ,Execute all phases of software application projects including database conversions defect removal issue resolution or any technical task required to ensure…,https://www.indeed.com/viewjob?cmp=TWGCompanies&t=Remote-Wordpress-Internship&jk=712bcb423317731d,50.96,50.7,101.66,development design applications team remote wordpress developers understanding programming html5 javascript documents product technical analyze
QA Engineer Intern,Datacubed Health,-,Brooklyn NY 11201,Knowledge of software QA methodologies tools and processes.Experience working in an Agile/Scrum software development methodology.,https://www.indeed.com/viewjob?jk=285dfc711b36adda&fccid=e502dae7fb9239e4&vjs=3,57.35,43.68,101.03,testing test tools quality engineer mobile support automated cases improve automation regression working business
Software Development Internship,Financial Sciences Corporation,-,Jersey City NJ 07310 (The Waterfront area),Internship positions learning and working on J2EE based software development efforts using Java AJAX HTML XML XSLT & other web technologies.,https://www.indeed.com/viewjob?jk=d43764deb7f17c0e&fccid=ff66ec5c100e482e&vjs=3,61.48,39.08,100.56,english positions working j2ee based development efforts java ajax html xslt technologiesqualificationssuccessful candidates
AGV Robotics Bell Labs Summer Intern,BLCTO Bell Labs & CTO,-,Murray Hill NJ,Strong software development skills in Python C/C++.Candidates with skills in robotics hardware software or both are invited to apply.,https://www.indeed.com/viewjob?jk=4d3f9f1da80618c3&fccid=01a6959495205d9e&vjs=3,56.21,43.93,100.14,nokia research bell develop planning create technology labs working systems people team robot path
WEB DEVELOPER INTERN,Blanks Financial Solutions,-,New York NY 10001 (Chelsea area),Work closely with other engineers on a small development team launching features.Blanks Financial Solutions is seeking a Full Stack Engineering intern who is…,https://www.indeed.com/viewjob?jk=c35731f41d0a367f&fccid=40d2715f318b91b4&vjs=3,62.85,36.51,99.36,stack code solutions implement reusable front performance small write javascript positionwe developer eager
Software Management Information Systems Internship (Spring 2...,Retensa,3.8,New York NY 10018 (Garment District area),The ideal software engineering intern applicant should be proficient in English and possess good written and verbal communication skills.,https://www.indeed.com/viewjob?jk=d227eb1c8ab4e63d&fccid=fa55fc9cf3df5d58&vjs=3,54.11,44.92,99.03,technology application management cloud candidates development testing mobile real provides solutions career leader employee
Software Engineer Intern,PayPal,3.9,New York NY 10018 (Clinton area),Code high-volume and scalable software.Through a combination of technological innovation and strategic partnerships PayPal creates better ways to manage and…,https://www.indeed.com/viewjob?jk=e01674d33559a721&fccid=978d9fd9799d55a8&vjs=3,54.09,44.37,98.46,services payments people money business platform paid develop products design creates opportunity connect ways
Robotics Eng. Bell Labs Summer Intern,BLCTO Bell Labs & CTO,-,Murray Hill NJ,Work in close cooperation with the mentor and other interns.Experience with Android software development in Kotlin is a plus.Overall GPA of 3.0/4.0 or above.,https://www.indeed.com/viewjob?jk=e499b9f10c100861&fccid=01a6959495205d9e&vjs=3,53.92,44.38,98.3,nokia create bell applications technology labs people development network systems robotics students team computer
Embedded Software Engineering Intern – Summer 2021,CACI,3.8,Florham Park NJ 07932,Development of embedded software and tools to support software development.Knowledge of Microsoft software applications and other software applications as…,https://www.indeed.com/viewjob?jk=cdb3e4319d748a3d&fccid=290a4498a64fc044&vjs=3,60,38.13,98.13,computer environment embedded solutions best electrical innovation make customers fosters allows guidance optical
Remote Database Developer Internship,TWG Companies,-,Jersey City NJ,Execute all phases of software application projects including database conversions defect removal issue resolution or any technical task required to ensure…,https://www.indeed.com/viewjob?cmp=TWGCompanies&t=Remote-Database-Developer-Internship&jk=32adc9048e48845b,48.05,49.78,97.83,database design team applications remote development webmobile candidate assist user documentation enhancements documents product technical
IT Business Analyst Intern,BusySquirrels,-,New York NY,BusySquirrels has experience hosting interns through MIT Venture Match Columbia Industrial Liaison course and Columbia Virtual Internship Program.,https://www.indeed.com/viewjob?cmp=BusySquirrels&t=IT-Business-Analyst-Intern&jk=8054eece15966245,56.03,41.36,97.39,business columbia price schedule experiences product oriented real students working plan opportunities development would
Software Engineer Intern,DoorDash,3.2,New York NY,Here are some examples of past intern projects: Building Reliable Workflows: Cadence as a Fallback for Event-Driven Processing Scaling DoorDash’s Geospatial…,https://www.indeed.com/viewjob?jk=e27ef3bd7e67874b&fccid=efd005a3cb57805b&vjs=3,46.93,47.56,94.49,team working delivery merchants building develop solutions experiences technology members everyone believe company local reliable
IT Intern - Summer 2021,PSEG,3.8,Newark NJ 07101 (South Ironbound area),Candidates must be familiar with computer mapping applications and general knowledge of computer hardware and software programs.,https://www.indeed.com/viewjob?jk=3b0600bcbf8499e1&fccid=46c5d1b673b120b1&vjs=3,50.22,43.47,93.69,information company candidates employees education project support computer higher provided authorization protected disability exciting dedicated
Software Engineer Intern Full Stack,TuSimple Inc.,-,New York NY,Building front-end Web Interface for engineers and testops to control and monitor the onboard system that visualize in real time the perceived surroundings…,https://www.indeed.com/viewjob?jk=e0b38579b1f331e2&fccid=fea34c44eddebdae&vjs=3,47.75,44.8,92.55,infrastructure systems automation working autonomous services improve projects onboard development increase immediate consideration please send
Database Developer Intern,Aponia LLC,-,New York NY 10036,Architect build and launch new data models that provide intuitive analytics to our customers in diverse industries.NoSQL Database such as MongoDB.,https://www.indeed.com/viewjob?cmp=AponiaLLC&t=Database-Developer-Intern&jk=2b68e267896b31bd,58.1,34.02,92.12,build launch across languages database architect models provide intuitive analytics customers industriesdesign extremely
Software Engineer (New Graduate Summer 2021),Teachable,-,New York NY,This is a full time permanent role for a software engineer.Teachable is an instructor-focused platform that empowers creators to build and sell online courses…,https://www.indeed.com/viewjob?jk=653913a350bc087f&fccid=7c07af204e67482c&vjs=3,50.52,40.7,91.22,team engineer date platform growing creators build online instructors million least months apply year
Technical Writer Intern Summer 2021,Google,4.3,New York NY (Chelsea area),With a unique cross-functional perspective technical writers at Google are the key link between our engineers marketing associates developer advocates and…,https://www.indeed.com/viewjob?jk=2150a116cdbedecd&fccid=a5b4499d9e91a5c6&vjs=3,44.42,45.71,90.13,technical developer writing developers documentation engineers applications january code writers guides requires united states application
QA Engineer Intern,Numerix,3.9,New York NY,Knowledge of the software development life cycle phases.Working towards a degree in Mathematics Computer Engineering Electrical Engineering or Computer…,https://www.indeed.com/viewjob?jk=86477372aec32c1e&fccid=bea74927fd353048&vjs=3,53.84,35.36,89.2,computer skillsknowledge tools like test automation educationworking towards mathematics electrical sciencecompetencies skillsdetail orientedstrong analytical
Associate Consultant Intern (Summer 2021),Konrad,3.3,New York NY,In this multifaceted role you will be collaboration with our Strategy Project Management User Experience (UX) Design and Technology teams.,https://www.indeed.com/viewjob?jk=9924c0a1b6295251&fccid=0d0aa2b77d8a011b&vjs=3,49.82,38.67,88.49,technology user design business clients digital solving enjoy best team group complex problems thinking solutions
Shopify Web Developer Intern,One Home Advisors,-,New York NY,Implement and maintain the online business through Shopify & oversee the marketplace operations.Develop site merchandising strategies to achieve sales and…,https://www.indeed.com/viewjob?cmp=OneHomeAdvisors&t=Shopify-Web-Developer-Intern&jk=05c5e00474ef2727,46.73,39.73,86.46,oriented online products marketing social media shopify developer business management ecommerce strong year working commerce
Web Designer/Web Developer Intern,One Home Advisors,-,New York NY,Implement and maintain the online business through Shopify & oversee the marketplace operations.Develop site merchandising strategies to achieve sales and…,https://www.indeed.com/viewjob?cmp=OneHomeAdvisors&t=Web-Designer-Web-Developer-Intern&jk=f549bd42ff7e4c24,46.73,39.73,86.46,oriented online products marketing social media developer business management ecommerce strong year working commerce company
Web Developer / Webmaster Intern,One Home Advisors,-,New York NY,Implement and maintain the online business through Shopify & oversee the marketplace operations.Develop site merchandising strategies to achieve sales and…,https://www.indeed.com/viewjob?cmp=OneHomeAdvisors&t=Web-Developer&jk=377aae0e1d166689,46.47,39.91,86.38,oriented online products marketing social media business management ecommerce strong year working commerce company results
Software Engineer Internship,NJC Labs,-,New York NY,Software development: 2 years (Required).Please note : *THIS IS AN INTERNSHIP POSITION TO BEGIN WITH and WILL CONVERT TO FULL TIME AFTER THE CANDIDATE…,https://www.indeed.com/viewjob?cmp=NJCLabs&t=Software-Engineer-Internship&jk=c02b1c57c9bf6a2b,45.25,40.81,86.06,labs candidates team integration believe accelerator ready company environment focused life member benefits corporate please
Web Development Intern,One Home Advisors,-,New York NY,Implement and maintain the online business through Shopify & oversee the marketplace operations.Develop site merchandising strategies to achieve sales and…,https://www.indeed.com/viewjob?cmp=OneHomeAdvisors&t=Web-Development-Intern&jk=2f90517d11e7ddb7,46.3,37.58,83.88,oriented online products social media marketing business management strong year working commerce company results drive
Front End Web Intern Position,One Home Advisors,-,New York NY 11375 (Forest Hills area),Implement and maintain the online business through Shopify & oversee the marketplace operations.Develop site merchandising strategies to achieve sales and…,https://www.indeed.com/viewjob?cmp=OneHomeAdvisors&t=Front-End-Web-Intern-Position&jk=4fe07d4207ab3334,46.3,37.15,83.45,oriented online products social media marketing business management strong year working commerce company results drive
Web Designer/Developer Assistant Intern,One Home Advisors,-,New York NY,Implement and maintain the online business through Shopify & oversee the marketplace operations.Develop site merchandising strategies to achieve sales and…,https://www.indeed.com/viewjob?cmp=OneHomeAdvisors&t=Web-Designer-Developer-Assistant-Intern&jk=b1f233869fa15209,46.3,37.15,83.45,oriented online products social media marketing business management strong year working commerce company results drive
Real Estate WordPress Developer Intern,Greene Developers,-,Manhattan NY 10001 (Chelsea area),As part of the internship we will provide learning opportunities throughout the organization so that our intern understands the fundamentals of the Real Estate…,https://www.indeed.com/viewjob?cmp=GreeneDevelopers&t=Real-Estate-Wordpress-Developer-Intern&jk=164610b746f53c7d,46.63,36.13,82.76,estate real development oriented motivated company working team sales industry following contribute business tasks ideal
Software Engineering Internship Summer 2021,Etsy,4.3,Brooklyn NY 11201,You'll also be able to use Etsy's Continuous Deployment architecture to push code to production whenever you please (and you'll probably push on your first day…,https://www.indeed.com/viewjob?jk=180a51e476fb7f4f&fccid=9ecb91618c39a24f&vjs=3,46.92,35.13,82.05,make believe impact teams meaningful code love millions culture working facing features tools engineers mysql
IT Programmer - Internship,SearchEffects.com,-,New York NY,SearchEffects.com is seeking IT programming interns in New York City to work on new and existing projects.Website design and development skills are necessary.,https://www.indeed.com/viewjob?jk=b6ef67ba51846148&fccid=03305718bbaefb6a&vjs=3,50.99,30.68,81.67,programming website model programmer internshipsearcheffectscom internshipssearcheffectscom seeking city existing projects knowledge sqlstore procedure feeds database
Web Developer Intern,LOGIX Information Systems,-,Woodbridge NJ 07095,Develop interactive and dynamically updated multimedia presentations for the Internet Write CGI and server side scripts Create applets cookies and servelets…,https://www.indeed.com/viewjob?jk=8f5fd99c879a7154&fccid=6a96593a1fd580f0&vjs=3,47.83,33.38,81.21,server understanding javascript perl internet scripts create administration htmljob descriptiondevelop interactive dynamically updated multimedia presentations
2021 Summer Intern - Software Automation,National Football League,4.5,New York NY 10154 (Midtown area),Though interns work within specific departments they can explore all aspects of the business of professional football through challenging project assignments…,https://www.indeed.com/viewjob?jk=cb24807611f7f947&fccid=85ac7fb3b19d15f1&vjs=3,44.69,36.22,80.91,minimum service management right opportunity success within football project assistance application applicants selected please contact
WordPress Developer Intern,Way Creative House,-,New York NY,Participate in additional agency initiatives: app dev software dev etc.The right intern will work closely with our team to develop client projects that align…,https://www.indeed.com/viewjob?cmp=WayCreativeHouse&t=Wordpress-Developer-Intern&jk=46efff4f328406ad,46.66,33.58,80.24,development oriented wordpress right closely team self starter cover company creative house learn within division
Web Development Intern | Summer 2021,Liquidnet,4,New York NY,Build new features and enhance existing features in our web applications.Collaborate with colleagues and customers to improve code and design new solutions.,https://www.indeed.com/viewjob?jk=5cc50d364c205f71&fccid=8288755c1d73f5f0&vjs=3,44.94,33.42,78.36,help equities features front enhance trading addition technologies roleas team internal sites created build maintain
WEB DEVELOPER/PROGRAMMING INTERN,Applied Info Group,-,Kenilworth NJ 07033,We are in need of an hourly paid intern who will work on our online database & email systems.MS SQL Server & ASP knowledge and exp. required.,https://www.indeed.com/viewjob?jk=c9dc28f53bc0b7ff&fccid=99d28a4d4fd71568&vjs=3,47.66,24.16,71.82,need hourly paid online database systems server knowledge required programming desired please provide hours ideal
